feature,importance
PassengerId,0.1724194581271369
FarePerPerson,0.15671877823392977
Pclass_Fare,0.1547690013172949
LogFare,0.15034498080004988
Fare,0.1498766112819142
FamilySize,0.056926339612285944
SibSp,0.04775239866060822
Parch,0.045451765116031585
Pclass,0.03295078999280936
Age_was_missing,0.02611274941887973
IsAlone,0.00338446665977088
Age_Title,0.003292660779288568
Age,0.0
LogAge,0.0
